Category;Item;Serving Size;Calories;Calories from Fat;Saturated Fat;Trans Fat;Cholesterol;Sodium;Carbohydrates;Dietary Fiber;Sugars;Protein
Breakfast;Egg McMuffin;4.8 oz (136 g);300;120;5.0;0.0;260;750;31;4;3;17
Breakfast;Egg White Delight;4.8 oz (135 g);250;70;3.0;0.0;25;770;30;4;3;18
Breakfast;Sausage McMuffin;3.9 oz (111 g);370;200;8.0;0.0;45;780;29;4;2;14
Breakfast;Sausage McMuffin with Egg;5.7 oz (161 g);450;250;10.0;0.0;285;860;30;4;2;21
Breakfast;Sausage McMuffin with Egg Whites;5.7 oz (161 g);400;210;8.0;0.0;50;880;30;4;2;21
Breakfast;Steak & Egg McMuffin;6.5 oz (185 g);430;210;9.0;1.0;300;960;31;4;3;26
Breakfast;Bacon, Egg & Cheese Biscuit (Regular Biscuit);5.3 oz (150 g);460;230;13.0;0.0;250;1300;38;2;3;19
Breakfast;Bacon, Egg & Cheese Biscuit (Large Biscuit);5.8 oz (164 g);520;270;14.0;0.0;250;1410;43;3;4;19
Breakfast;Bacon, Egg & Cheese Biscuit with Egg Whites (Regular Biscuit);5.4 oz (153 g);410;180;11.0;0.0;35;1300;36;2;3;20
Breakfast;Bacon, Egg & Cheese Biscuit with Egg Whites (Large Biscuit);5.9 oz (167 g);470;220;12.0;0.0;35;1420;42;3;4;20
Breakfast;Sausage Biscuit (Regular Biscuit);4.1 oz (117 g);430;240;12.0;0.0;30;1080;34;2;2;11
Breakfast;Sausage Biscuit (Large Biscuit);4.6 oz (131 g);480;280;13.0;0.0;30;1190;39;3;3;11
Breakfast;Sausage Biscuit with Egg (Regular Biscuit);5.7 oz (163 g);510;290;14.0;0.0;250;1170;36;2;2;18
Breakfast;Sausage Biscuit with Egg (Large Biscuit);6.2 oz (177 g);570;330;15.0;0.0;250;1280;42;3;3;18
Breakfast;Sausage Biscuit with Egg Whites (Regular Biscuit);5.9 oz (167 g);460;250;12.0;0.0;35;1180;34;2;3;18
Breakfast;Sausage Biscuit with Egg Whites (Large Biscuit);6.4 oz (181 g);520;280;13.0;0.0;35;1290;40;3;3;18
Breakfast;Southern Style Chicken Biscuit (Regular Biscuit);5 oz (143 g);410;180;8.0;0.0;30;1180;41;2;3;17
Breakfast;Southern Style Chicken Biscuit (Large Biscuit);5.5 oz (157 g);470;220;9.0;0.0;30;1290;46;3;4;17
Breakfast;Steak & Egg Biscuit (Regular Biscuit);7.1 oz (201 g);540;290;16.0;1.0;280;1470;38;2;3;25
Breakfast;Bacon, Egg & Cheese McGriddles;6.1 oz (174 g);460;190;9.0;0.0;250;1250;48;2;15;19
Breakfast;Bacon, Egg & Cheese McGriddles with Egg Whites;6.3 oz (178 g);400;140;7.0;0.0;35;1250;47;2;16;20
Breakfast;Sausage McGriddles;5 oz (141 g);420;200;8.0;0.0;35;1030;44;2;15;11
Breakfast;Sausage, Egg & Cheese McGriddles;7.1 oz (201 g);550;280;12.0;0.0;265;1320;48;2;15;20
Breakfast;Sausage, Egg & Cheese McGriddles with Egg Whites;7.2 oz (205 g);500;230;10.0;0.0;50;1320;46;2;15;21
Breakfast;Bacon, Egg & Cheese Bagel;6.9 oz (197 g);620;280;11.0;0.5;275;1480;57;3;7;30
Breakfast;Bacon, Egg & Cheese Bagel with Egg Whites;7.1 oz (201 g);570;230;9.0;0.5;60;1480;55;3;8;30
Breakfast;Steak, Egg & Cheese Bagel;8.5 oz (241 g);670;310;13.0;1.5;295;1510;56;3;7;33
Breakfast;Big Breakfast (Regular Biscuit);9.5 oz (269 g);740;430;17.0;0.0;555;1560;51;3;3;28
Breakfast;Big Breakfast (Large Biscuit);10 oz (283 g);800;470;18.0;0.0;555;1680;56;4;3;28
Breakfast;Big Breakfast with Egg Whites (Regular Biscuit);9.6 oz (272 g);640;330;14.0;0.0;35;1590;50;3;3;26
Breakfast;Big Breakfast with Egg Whites (Large Biscuit);10.1 oz (286 g);690;370;14.0;0.0;35;1700;55;4;4;26
Breakfast;Big Breakfast with Hotcakes (Regular Biscuit);14.8 oz (420 g);1090;510;19.0;0.0;575;2150;111;6;17;36
Breakfast;Big Breakfast with Hotcakes (Large Biscuit);15.3 oz (434 g);1150;540;20.0;0.0;575;2260;116;7;17;36
Breakfast;Big Breakfast with Hotcakes and Egg Whites (Regular Biscuit);14.9 oz (423 g);990;410;16.0;0.0;55;2170;110;6;17;35
Breakfast;Big Breakfast with Hotcakes and Egg Whites (Large Biscuit);15.4 oz (437 g);1050;450;16.0;0.0;55;2290;115;7;18;35
Breakfast;Hotcakes;5.3 oz (151 g);350;80;2.0;0.0;20;590;60;3;14;8
Breakfast;Hotcakes and Sausage;6.8 oz (192 g);520;210;7.0;0.0;50;930;61;3;14;15
Breakfast;Sausage Burrito;3.9 oz (111 g);300;150;7.0;0.0;115;790;26;1;2;12
Breakfast;Hash Brown;2 oz (56 g);150;80;1.5;0.0;0;310;15;2;0;1
Breakfast;Cinnamon Melts;4 oz (114 g);460;170;9.0;0.0;15;370;66;3;32;6
Breakfast;Fruit & Maple Oatmeal;9.6 oz (251 g);290;35;1.5;0.0;5;160;58;5;32;5
Breakfast;Fruit & Maple Oatmeal without Brown Sugar;9.6 oz (251 g);260;40;1.5;0.0;5;115;49;5;18;5
Beef & Pork;Big Mac;7.4 oz (211 g);530;240;10.0;1.0;85;960;47;3;9;24
Beef & Pork;Quarter Pounder with Cheese;7.1 oz (202 g);520;240;12.0;1.5;95;1100;41;3;10;30
Beef & Pork;Quarter Pounder with Bacon & Cheese;8 oz (227 g);600;260;13.0;1.5;105;1440;48;3;12;37
Beef & Pork;Quarter Pounder with Bacon Habanero Ranch;8.3 oz (235 g);610;280;13.0;1.5;105;1180;46;3;10;37
Beef & Pork;Quarter Pounder Deluxe;8.6 oz (244 g);540;250;11.0;1.5;85;960;45;3;9;29
Beef & Pork;Double Quarter Pounder with Cheese;10 oz (283 g);750;380;19.0;2.5;160;1280;42;3;10;48
Beef & Pork;Hamburger;3.5 oz (98 g);240;70;3.0;0.0;30;480;32;1;6;12
Beef & Pork;Cheeseburger;4 oz (113 g);290;100;5.0;0.5;45;680;33;2;7;15
Beef & Pork;Double Cheeseburger;5.7 oz (161 g);430;190;10.0;1.0;90;1040;35;2;7;24
Beef & Pork;Bacon Clubhouse Burger;9.5 oz (270 g);720;360;15.0;1.5;115;1470;51;4;14;39
Beef & Pork;McDouble;5.2 oz (147 g);380;150;8.0;1.0;75;840;34;2;7;22
Beef & Pork;Bacon McDouble;5.7 oz (161 g);440;200;10.0;1.0;90;1110;35;2;7;27
Beef & Pork;Daily Double;6.7 oz (190 g);430;200;9.0;1.0;80;760;34;2;7;22
Beef & Pork;Jalapeño Double;5.6 oz (159 g);430;210;9.0;1.0;80;1030;35;2;6;22
Beef & Pork;McRib;7.3 oz (208 g);500;240;10.0;0.0;70;980;44;3;11;22
Chicken & Fish;Premium Crispy Chicken Classic Sandwich;7.5 oz (213 g);510;200;3.5;0.0;45;990;55;3;10;24
Chicken & Fish;Premium Grilled Chicken Classic Sandwich;7 oz (200 g);350;80;2.0;0.0;65;820;42;3;8;28
Chicken & Fish;Premium Crispy Chicken Club Sandwich;8.8 oz (249 g);670;300;9.0;0.0;85;1410;58;3;11;36
Chicken & Fish;Premium Grilled Chicken Club Sandwich;8.3 oz (235 g);510;180;7.0;0.0;105;1250;44;3;9;40
Chicken & Fish;Premium Crispy Chicken Ranch BLT Sandwich;8.1 oz (230 g);610;250;6.0;0.0;70;1400;57;3;11;32
Chicken & Fish;Premium Grilled Chicken Ranch BLT Sandwich;7.6 oz (217 g);450;130;4.5;0.0;90;1230;43;3;9;36
Chicken & Fish;Bacon Clubhouse Crispy Chicken Sandwich;10 oz (284 g);750;340;10.0;0.5;90;1720;65;4;16;36
Chicken & Fish;Bacon Clubhouse Grilled Chicken Sandwich;9.5 oz (270 g);590;230;8.0;0.0;110;1560;51;4;14;40
Chicken & Fish;Southern Style Crispy Chicken Sandwich;5.6 oz (160 g);430;170;3.0;0.0;45;910;43;2;7;21
Chicken & Fish;McChicken;5.1 oz (143 g);360;140;3.0;0.0;35;800;40;2;5;14
Chicken & Fish;Bacon Cheddar McChicken;6 oz (171 g);480;220;7.0;0.0;65;1260;43;2;6;22
Chicken & Fish;Bacon Buffalo Ranch McChicken;5.7 oz (161 g);430;190;5.0;0.0;50;1260;41;2;6;20
Chicken & Fish;Buffalo Ranch McChicken;5.2 oz (148 g);360;150;3.0;0.0;35;990;40;2;5;14
Chicken & Fish;Premium McWrap Chicken & Bacon (Crispy Chicken);11.1 oz (316 g);630;280;9.0;0.5;80;1540;56;3;7;32
Chicken & Fish;Premium McWrap Chicken & Bacon (Grilled Chicken);10.7 oz (302 g);480;170;7.0;0.0;95;1370;42;3;6;36
Chicken & Fish;Premium McWrap Chicken & Ranch (Crispy Chicken);10.9 oz (310 g);610;280;8.0;0.5;65;1340;56;3;8;27
Chicken & Fish;Premium McWrap Chicken & Ranch (Grilled Chicken);10.5 oz (297 g);450;160;6.0;0.5;80;1170;42;3;6;30
Chicken & Fish;Premium McWrap Southwest Chicken (Crispy Chicken);11.1 oz (314 g);670;300;8.0;0.5;60;1480;68;5;12;27
Chicken & Fish;Premium McWrap Southwest Chicken (Grilled Chicken);11.2 oz (318 g);520;180;6.0;0.0;80;1320;55;5;10;31
Chicken & Fish;Premium McWrap Chicken Sweet Chili (Crispy Chicken);10.7 oz (304 g);540;200;4.5;0.0;50;1260;61;3;14;23
Chicken & Fish;Premium McWrap Chicken Sweet Chili (Grilled Chicken);10.3 oz (291 g);380;90;3.0;0.0;65;1090;47;3;12;27
Chicken & Fish;Chicken McNuggets (4 piece);2.3 oz (65 g);190;110;2.0;0.0;25;360;12;1;0;9
Chicken & Fish;Chicken McNuggets (6 piece);3.4 oz (97 g);280;160;3.0;0.0;40;540;18;1;0;13
Chicken & Fish;Chicken McNuggets (10 piece);5.7 oz (162 g);470;270;5.0;0.0;65;900;30;2;0;22
Chicken & Fish;Chicken McNuggets (20 piece);11.4 oz (323 g);940;530;10.0;0.0;135;1800;59;3;0;44
Chicken & Fish;Chicken McNuggets (40 piece);22.8 oz (646 g);1880;1060;20.0;1.0;265;3600;118;6;1;87
Chicken & Fish;Filet-O-Fish;5 oz (142 g);390;170;4.0;0.0;40;590;39;2;5;15
Salads;Premium Bacon Ranch Salad (without Chicken);7.9 oz (223 g);140;70;3.5;0.0;25;300;10;3;4;9
Salads;Premium Bacon Ranch Salad with Crispy Chicken;9 oz (255 g);380;190;6.0;0.0;70;860;22;2;5;25
Salads;Premium Bacon Ranch Salad with Grilled Chicken;8.5 oz (241 g);220;80;4.0;0.0;85;690;8;2;4;29
Salads;Premium Southwest Salad (without Chicken);8.1 oz (230 g);140;40;2.0;0.0;10;150;20;6;6;6
Salads;Premium Southwest Salad with Crispy Chicken;12.3 oz (348 g);450;190;4.5;0.0;50;850;42;7;12;23
Salads;Premium Southwest Salad with Grilled Chicken;11.8 oz (335 g);290;80;2.5;0.0;70;680;28;7;10;27
Snacks & Sides;Chipotle BBQ Snack Wrap (Crispy Chicken);4.6 oz (130 g);340;130;4.5;0.0;30;780;37;1;8;14
Snacks & Sides;Chipotle BBQ Snack Wrap (Grilled Chicken);4.3 oz (123 g);260;70;3.5;0.0;40;700;30;1;7;16
Snacks & Sides;Honey Mustard Snack Wrap (Crispy Chicken);4.3 oz (123 g);330;130;4.5;0.0;35;730;34;1;3;14
Snacks & Sides;Honey Mustard Snack Wrap (Grilled Chicken);4.1 oz (116 g);250;70;3.5;0.0;45;650;27;1;2;16
Snacks & Sides;Ranch Snack Wrap (Crispy Chicken);4.5 oz (128 g);360;180;5.0;0.0;40;810;32;1;3;15
Snacks & Sides;Ranch Snack Wrap (Grilled Chicken);4.3 oz (121 g);280;120;4.5;0.0;45;720;25;1;2;16
Snacks & Sides;Small French Fries;2.6 oz (75 g);230;100;1.5;0.0;0;130;30;2;0;2
Snacks & Sides;Medium French Fries;3.9 oz (111 g);340;140;2.5;0.0;0;190;44;4;0;4
Snacks & Sides;Large French Fries;5.9 oz (168 g);510;220;3.5;0.0;0;290;67;5;0;6
Snacks & Sides;Kids French Fries;1.3 oz (38 g);110;50;1.0;0.0;0;65;15;1;0;1
Snacks & Sides;Side Salad;3.1 oz (87 g);20;0;0.0;0.0;0;10;4;1;2;1
Snacks & Sides;Apple Slices;1.2 oz (34 g);15;0;0.0;0.0;0;0;4;0;3;0
Snacks & Sides;Fruit 'n Yogurt Parfait;5.2 oz (149 g);150;20;1.0;0.0;5;70;30;1;23;4
Desserts;Baked Apple Pie;2.7 oz (77 g);250;110;7.0;0.0;0;170;32;4;13;2
Desserts;Chocolate Chip Cookie;1 cookie (33 g);160;70;3.5;0.0;10;90;21;1;15;2
Desserts;Oatmeal Raisin Cookie;1 cookie (33 g);150;50;2.5;0.0;10;135;22;1;13;2
Desserts;Kids Ice Cream Cone;1 oz (29 g);45;10;1.0;0.0;5;20;7;0;6;1
Desserts;Hot Fudge Sundae;6.3 oz (179 g);330;80;7.0;0.0;25;170;53;1;48;8
Desserts;Hot Caramel Sundae;6.4 oz (182 g);340;70;5.0;0.0;30;150;60;0;43;7
Desserts;Strawberry Sundae;6.3 oz (178 g);280;60;4.0;0.0;25;85;49;0;45;6
Beverages;Coca-Cola Classic (Small);16 fl oz cup;140;0;0.0;0.0;0;0;39;0;39;0
Beverages;Coca-Cola Classic (Medium);21 fl oz cup;200;0;0.0;0.0;0;5;55;0;55;0
Beverages;Coca-Cola Classic (Large);30 fl oz cup;280;0;0.0;0.0;0;5;76;0;76;0
Beverages;Coca-Cola Classic (Child);12 fl oz cup;100;0;0.0;0.0;0;0;28;0;28;0
Beverages;Diet Coke (Small);16 fl oz cup;0;0;0.0;0.0;0;10;0;0;0;0
Beverages;Diet Coke (Medium);21 fl oz cup;0;0;0.0;0.0;0;20;0;0;0;0
Beverages;Diet Coke (Large);30 fl oz cup;0;0;0.0;0.0;0;35;0;0;0;0
Beverages;Diet Coke (Child);12 fl oz cup;0;0;0.0;0.0;0;15;0;0;0;0
Beverages;Dr Pepper (Small);16 fl oz cup;140;0;0.0;0.0;0;45;37;0;35;0
Beverages;Dr Pepper (Medium);21 fl oz cup;190;0;0.0;0.0;0;65;53;0;51;0
Beverages;Dr Pepper (Large);30 fl oz cup;270;0;0.0;0.0;0;90;72;0;70;0
Beverages;Dr Pepper (Child);12 fl oz cup;100;0;0.0;0.0;0;30;27;0;26;0
Beverages;Diet Dr Pepper (Small);16 fl oz cup;0;0;0.0;0.0;0;70;0;0;0;2
Beverages;Diet Dr Pepper (Medium);21 fl oz cup;0;0;0.0;0.0;0;100;0;0;0;3
Beverages;Diet Dr Pepper (Large);30 fl oz cup;0;0;0.0;0.0;0;140;0;0;0;4
Beverages;Diet Dr Pepper (Child);12 fl oz cup;0;0;0.0;0.0;0;50;0;0;0;1
Beverages;Sprite (Small);16 fl oz cup;140;0;0.0;0.0;0;30;37;0;37;0
Beverages;Sprite (Medium);21 fl oz cup;200;0;0.0;0.0;0;45;54;0;54;0
Beverages;Sprite (Large);30 fl oz cup;280;0;0.0;0.0;0;60;74;0;74;0
Beverages;Sprite (Child);12 fl oz cup;100;0;0.0;0.0;0;25;27;0;27;0
Beverages;1% Low Fat Milk Jug;1 carton (236 ml);100;20;1.5;0.0;10;125;12;0;12;8
Beverages;Fat Free Chocolate Milk Jug;1 carton (236 ml);130;0;0.0;0.0;5;135;23;1;22;9
Beverages;Minute Maid 100% Apple Juice Box;6 fl oz (177 ml);80;0;0.0;0.0;0;15;21;0;19;0
Beverages;Minute Maid Orange Juice (Small);12 fl oz cup;150;0;0.0;0.0;0;0;34;0;30;2
Beverages;Minute Maid Orange Juice (Medium);16 fl oz cup;190;0;0.0;0.0;0;0;44;0;39;3
Beverages;Minute Maid Orange Juice (Large);22 fl oz cup;280;0;0.0;0.0;0;5;65;0;58;4
Beverages;Dasani Water Bottle;16.9 fl oz;0;0;0.0;0.0;0;0;0;0;0;0
Coffee & Tea;Iced Tea (Small);16 fl oz cup;0;0;0.0;0.0;0;10;0;0;0;0
Coffee & Tea;Iced Tea (Medium);21 fl oz cup;0;0;0.0;0.0;0;10;0;0;0;0
Coffee & Tea;Iced Tea (Large);30 fl oz cup;0;0;0.0;0.0;0;15;0;0;0;0
Coffee & Tea;Iced Tea (Child);12 fl oz cup;0;0;0.0;0.0;0;5;0;0;0;0
Coffee & Tea;Sweet Tea (Small);16 fl oz cup;150;0;0.0;0.0;0;10;36;0;36;1
Coffee & Tea;Sweet Tea (Medium);21 fl oz cup;180;0;0.0;0.0;0;10;45;0;45;1
Coffee & Tea;Sweet Tea (Large);30 fl oz cup;220;0;0.0;0.0;0;10;54;0;54;1
Coffee & Tea;Sweet Tea (Child);12 fl oz cup;110;0;0.0;0.0;0;5;27;0;27;0
Coffee & Tea;Coffee (Small);12 fl oz cup;0;0;0.0;0.0;0;0;0;0;0;0
Coffee & Tea;Coffee (Medium);16 fl oz cup;0;0;0.0;0.0;0;0;0;0;0;0
Coffee & Tea;Coffee (Large);16 fl oz cup;0;0;0.0;0.0;0;0;0;0;0;0
Coffee & Tea;Latte (Small);12 fl oz cup;170;80;5.0;0.0;25;115;15;1;12;9
Coffee & Tea;Latte (Medium);16 fl oz cup;210;90;6.0;0.0;30;140;18;1;15;11
Coffee & Tea;Latte (Large);20 fl oz cup;280;120;8.0;0.0;40;180;24;1;20;15
Coffee & Tea;Caramel Latte (Small);12 fl oz cup;270;80;5.0;0.0;25;115;40;1;38;9
Coffee & Tea;Caramel Latte (Medium);16 fl oz cup;340;90;6.0;0.0;30;140;50;1;48;11
Coffee & Tea;Caramel Latte (Large);20 fl oz cup;430;120;8.0;0.0;40;180;62;1;59;15
Coffee & Tea;Hazelnut Latte (Small);12 fl oz cup;270;80;5.0;0.0;25;115;40;1;38;9
Coffee & Tea;Hazelnut Latte (Medium);16 fl oz cup;330;90;6.0;0.0;30;140;50;1;47;11
Coffee & Tea;Hazelnut Latte (Large);20 fl oz cup;430;120;8.0;0.0;40;180;62;1;58;15
Coffee & Tea;French Vanilla Latte (Small);12 fl oz cup;260;80;5.0;0.0;25;115;38;1;36;9
Coffee & Tea;French Vanilla Latte (Medium);16 fl oz cup;330;90;6.0;0.0;30;140;48;1;45;11
Coffee & Tea;French Vanilla Latte (Large);20 fl oz cup;420;120;8.0;0.0;40;190;60;1;56;15
Coffee & Tea;Latte with Sugar Free French Vanilla Syrup (Small);12 fl oz cup;210;80;5.0;0.0;25;150;24;1;12;9
Coffee & Tea;Latte with Sugar Free French Vanilla Syrup (Medium);16 fl oz cup;260;90;6.0;0.0;30;190;29;1;15;12
Coffee & Tea;Latte with Sugar Free French Vanilla Syrup (Large);20 fl oz cup;330;120;8.0;0.0;40;240;37;2;20;15
Coffee & Tea;Nonfat Latte (Small);12 fl oz cup;100;0;0.0;0.0;5;110;15;1;13;10
Coffee & Tea;Nonfat Latte (Medium);16 fl oz cup;130;0;0.0;0.0;5;135;19;1;16;12
Coffee & Tea;Nonfat Latte (Large);20 fl oz cup;170;0;0.0;0.0;10;180;25;1;21;16
Coffee & Tea;Nonfat Caramel Latte (Small);12 fl oz cup;200;0;0.0;0.0;5;110;41;1;39;10
Coffee & Tea;Nonfat Caramel Latte (Medium);16 fl oz cup;250;0;0.0;0.0;5;135;51;1;48;12
Coffee & Tea;Nonfat Caramel Latte (Large);20 fl oz cup;310;0;0.0;0.0;10;180;63;1;59;16
Coffee & Tea;Nonfat Hazelnut Latte (Small);12 fl oz cup;200;0;0.0;0.0;5;110;40;1;38;10
Coffee & Tea;Nonfat Hazelnut Latte (Medium);16 fl oz cup;250;0;0.0;0.0;5;135;51;1;48;12
Coffee & Tea;Nonfat Hazelnut Latte (Large);20 fl oz cup;310;0;0.0;0.0;10;180;63;1;59;16
Coffee & Tea;Nonfat French Vanilla Latte (Small);12 fl oz cup;190;0;0.0;0.0;5;115;39;1;37;10
Coffee & Tea;Nonfat French Vanilla Latte (Medium);16 fl oz cup;240;0;0.0;0.0;5;140;49;1;46;12
Coffee & Tea;Nonfat French Vanilla Latte (Large);20 fl oz cup;300;0;0.0;0.0;10;180;60;1;56;16
Coffee & Tea;Nonfat Latte with Sugar Free French Vanilla Syrup (Small);12 fl oz cup;140;0;0.0;0.0;5;150;24;1;13;10
Coffee & Tea;Nonfat Latte with Sugar Free French Vanilla Syrup (Medium);16 fl oz cup;170;0;0.0;0.0;5;180;30;1;16;12
Coffee & Tea;Nonfat Latte with Sugar Free French Vanilla Syrup (Large);20 fl oz cup;220;0;0.0;0.0;10;240;38;2;21;16
Coffee & Tea;Mocha (Small);12 fl oz cup;340;100;7.0;0.0;35;150;49;2;42;10
Coffee & Tea;Mocha (Medium);16 fl oz cup;410;120;8.0;0.0;40;190;60;2;53;13
Coffee & Tea;Mocha (Large);20 fl oz cup;500;150;10.0;0.5;50;240;72;2;63;16
Coffee & Tea;Mocha with Nonfat Milk (Small);12 fl oz cup;270;30;2.0;0.0;15;150;49;2;43;11
Coffee & Tea;Mocha with Nonfat Milk (Medium);16 fl oz cup;330;30;2.0;0.0;15;190;60;2;53;13
Coffee & Tea;Mocha with Nonfat Milk (Large);20 fl oz cup;390;35;2.5;0.0;20;240;73;2;64;17
Coffee & Tea;Caramel Mocha (Small);12 fl oz cup;320;100;7.0;0.0;35;170;45;1;40;10
Coffee & Tea;Caramel Mocha (Medium);16 fl oz cup;390;120;8.0;0.5;40;220;55;1;50;12
Coffee & Tea;Caramel Mocha (Large);20 fl oz cup;480;150;10.0;0.5;50;270;66;1;60;16
Coffee & Tea;Nonfat Caramel Mocha (Small);12 fl oz cup;250;30;2.0;0.0;15;170;45;1;41;10
Coffee & Tea;Nonfat Caramel Mocha (Medium);16 fl oz cup;310;30;2.0;0.0;15;210;56;1;51;13
Coffee & Tea;Nonfat Caramel Mocha (Large);20 fl oz cup;370;35;2.5;0.0;20;270;67;1;61;17
Coffee & Tea;Hot Chocolate (Small);12 fl oz cup;360;120;8.0;0.0;40;180;50;1;45;11
Coffee & Tea;Hot Chocolate (Medium);16 fl oz cup;440;140;9.0;0.5;50;220;61;1;56;14
Coffee & Tea;Hot Chocolate (Large);20 fl oz cup;540;180;12.0;0.5;60;280;73;1;68;17
Coffee & Tea;Hot Chocolate with Nonfat Milk (Small);12 fl oz cup;280;30;2.0;0.0;15;180;50;1;46;12
Coffee & Tea;Hot Chocolate with Nonfat Milk (Medium);16 fl oz cup;340;30;2.0;0.0;15;220;61;1;57;14
Coffee & Tea;Hot Chocolate with Nonfat Milk (Large);20 fl oz cup;400;35;2.5;0.0;20;280;74;1;69;19
Coffee & Tea;Regular Iced Coffee (Small);16 fl oz cup;140;40;3.0;0.0;15;35;23;0;22;1
Coffee & Tea;Regular Iced Coffee (Medium);22 fl oz cup;190;60;4.5;0.0;25;50;31;0;30;1
Coffee & Tea;Regular Iced Coffee (Large);32 fl oz cup;270;80;6.0;0.0;35;75;47;0;45;2
Coffee & Tea;Caramel Iced Coffee (Small);16 fl oz cup;130;40;3.0;0.0;15;35;22;0;21;1
Coffee & Tea;Caramel Iced Coffee (Medium);22 fl oz cup;180;60;4.5;0.0;25;50;29;0;28;1
Coffee & Tea;Caramel Iced Coffee (Large);32 fl oz cup;260;80;6.0;0.0;35;65;43;0;42;2
Coffee & Tea;Hazelnut Iced Coffee (Small);16 fl oz cup;130;40;3.0;0.0;15;35;21;0;20;1
Coffee & Tea;Hazelnut Iced Coffee (Medium);22 fl oz cup;180;60;4.5;0.0;25;50;29;0;28;1
Coffee & Tea;Hazelnut Iced Coffee (Large);32 fl oz cup;250;80;6.0;0.0;35;75;43;0;41;2
Coffee & Tea;French Vanilla Iced Coffee (Small);16 fl oz cup;120;40;3.0;0.0;15;40;20;0;19;1
Coffee & Tea;French Vanilla Iced Coffee (Medium);22 fl oz cup;170;60;4.5;0.0;25;55;27;0;26;1
Coffee & Tea;French Vanilla Iced Coffee (Large);32 fl oz cup;240;80;6.0;0.0;35;80;41;0;39;2
Coffee & Tea;Iced Coffee with Sugar Free French Vanilla Syrup (Small);16 fl oz cup;80;40;3.0;0.0;15;65;9;0;1;1
Coffee & Tea;Iced Coffee with Sugar Free French Vanilla Syrup (Medium);22 fl oz cup;120;60;4.5;0.0;25;90;12;0;2;1
Coffee & Tea;Iced Coffee with Sugar Free French Vanilla Syrup (Large);32 fl oz cup;160;80;6.0;0.0;35;135;18;0;2;2
Coffee & Tea;Iced Mocha (Small);12 fl oz cup;290;100;7.0;0.0;35;125;41;1;34;8
Coffee & Tea;Iced Mocha (Medium);16 fl oz cup;350;110;8.0;0.0;40;150;50;1;43;9
Coffee & Tea;Iced Mocha (Large);22 fl oz cup;480;150;10.0;0.5;50;220;70;2;62;14
Coffee & Tea;Iced Mocha with Nonfat Milk (Small);12 fl oz cup;240;45;3.0;0.0;20;125;41;1;35;8
Coffee & Tea;Iced Mocha with Nonfat Milk (Medium);16 fl oz cup;290;45;3.5;0.0;20;150;50;1;43;10
Coffee & Tea;Iced Mocha with Nonfat Milk (Large);22 fl oz cup;390;50;3.5;0.0;25;220;71;2;62;14
Coffee & Tea;Iced Caramel Mocha (Small);12 fl oz cup;280;100;7.0;0.0;35;140;38;0;33;8
Coffee & Tea;Iced Caramel Mocha (Medium);16 fl oz cup;340;110;7.0;0.0;40;170;46;1;41;9
Coffee & Tea;Iced Caramel Mocha (Large);22 fl oz cup;460;150;10.0;0.5;50;250;65;1;59;13
Coffee & Tea;Iced Nonfat Caramel Mocha (Small);12 fl oz cup;230;45;3.0;0.0;20;140;38;0;33;8
Coffee & Tea;Iced Nonfat Caramel Mocha (Medium);16 fl oz cup;270;45;3.0;0.0;20;170;47;1;41;10
Coffee & Tea;Iced Nonfat Caramel Mocha (Large);22 fl oz cup;370;50;3.5;0.0;25;250;65;1;59;14
Coffee & Tea;Frappé Mocha (Small);12 fl oz cup;450;160;12.0;1.0;65;125;65;1;57;7
Coffee & Tea;Frappé Mocha (Medium);16 fl oz cup;550;200;14.0;1.0;75;160;80;1;71;9
Coffee & Tea;Frappé Mocha (Large);22 fl oz cup;670;240;17.0;1.0;90;190;98;1;88;11
Coffee & Tea;Frappé Caramel (Small);12 fl oz cup;450;170;12.0;1.0;65;125;64;0;57;7
Coffee & Tea;Frappé Caramel (Medium);16 fl oz cup;550;200;15.0;1.0;80;160;79;0;71;9
Coffee & Tea;Frappé Caramel (Large);22 fl oz cup;670;250;17.0;1.5;95;190;96;0;88;11
Coffee & Tea;Frappé Chocolate Chip (Small);12 fl oz cup;530;200;14.0;1.0;65;135;76;1;67;8
Coffee & Tea;Frappé Chocolate Chip (Medium);16 fl oz cup;630;240;17.0;1.0;80;160;91;1;81;9
Coffee & Tea;Frappé Chocolate Chip (Large);22 fl oz cup;760;280;20.0;1.5;95;200;111;1;99;12
Smoothies & Shakes;Blueberry Pomegranate Smoothie (Small);12 fl oz cup;220;5;0.0;0.0;5;40;50;3;44;2
Smoothies & Shakes;Blueberry Pomegranate Smoothie (Medium);16 fl oz cup;260;5;0.0;0.0;5;50;62;4;54;3
Smoothies & Shakes;Blueberry Pomegranate Smoothie (Large);22 fl oz cup;340;10;0.5;0.0;5;65;79;5;70;4
Smoothies & Shakes;Strawberry Banana Smoothie (Small);12 fl oz cup;210;5;0.0;0.0;5;50;47;3;44;3
Smoothies & Shakes;Strawberry Banana Smoothie (Medium);16 fl oz cup;250;5;0.0;0.0;5;60;58;3;54;4
Smoothies & Shakes;Strawberry Banana Smoothie (Large);22 fl oz cup;330;10;0.5;0.0;5;80;74;4;70;5
Smoothies & Shakes;Mango Pineapple Smoothie (Small);12 fl oz cup;210;5;0.0;0.0;5;40;50;1;46;2
Smoothies & Shakes;Mango Pineapple Smoothie (Medium);16 fl oz cup;260;10;0.0;0.0;5;45;61;1;56;3
Smoothies & Shakes;Mango Pineapple Smoothie (Large);22 fl oz cup;340;10;0.5;0.0;5;60;78;2;72;4
Smoothies & Shakes;Vanilla Shake (Small);12 fl oz cup;530;140;10.0;1.0;60;160;86;0;63;11
Smoothies & Shakes;Vanilla Shake (Medium);16 fl oz cup;660;170;12.0;1.0;75;200;109;0;81;14
Smoothies & Shakes;Vanilla Shake (Large);22 fl oz cup;820;210;15.0;1.0;90;260;135;0;101;18
Smoothies & Shakes;Strawberry Shake (Small);12 fl oz cup;550;150;10.0;1.0;60;160;90;0;79;12
Smoothies & Shakes;Strawberry Shake (Medium);16 fl oz cup;690;180;13.0;1.0;75;210;114;0;100;15
Smoothies & Shakes;Strawberry Shake (Large);22 fl oz cup;850;210;15.0;1.0;90;260;140;0;123;18
Smoothies & Shakes;Chocolate Shake (Small);12 fl oz cup;560;150;10.0;1.0;60;240;91;1;77;12
Smoothies & Shakes;Chocolate Shake (Medium);16 fl oz cup;700;180;12.0;1.0;75;300;114;2;97;15
Smoothies & Shakes;Chocolate Shake (Large);22 fl oz cup;850;210;15.0;1.0;85;380;141;2;120;19
Smoothies & Shakes;Shamrock Shake (Medium);16 fl oz cup;660;170;12.0;1.0;75;210;109;0;93;14
Smoothies & Shakes;Shamrock Shake (Large);22 fl oz cup;820;210;15.0;1.0;90;260;135;0;115;18
Smoothies & Shakes;McFlurry with M&M’s Candies (Small);10.9 oz (310 g);650;210;14.0;0.5;50;180;96;1;89;13
Smoothies & Shakes;McFlurry with M&M’s Candies (Medium);16.2 oz (460 g);930;290;20.0;1.0;75;260;139;2;128;20
Smoothies & Shakes;McFlurry with M&M’s Candies (Snack);7.3 oz (207 g);430;140;10.0;0.0;35;120;64;1;59;9
Smoothies & Shakes;McFlurry with Oreo Cookies (Small);10.1 oz (285 g);510;150;9.0;0.5;45;280;80;1;64;12
Smoothies & Shakes;McFlurry with Oreo Cookies (Medium);13.4 oz (381 g);690;200;12.0;1.0;55;380;106;1;85;15
Smoothies & Shakes;McFlurry with Oreo Cookies (Snack);6.7 oz (190 g);340;100;6.0;0.0;30;190;53;1;43;8
Smoothies & Shakes;McFlurry with Reese's Peanut Butter Cups (Medium);14.2 oz (403 g);810;290;15.0;1.0;60;400;114;2;103;21
Smoothies & Shakes;McFlurry with Reese's Peanut Butter Cups (Snack);7.1 oz (202 g);410;150;8.0;0.0;30;200;57;1;51;10
